Node_ID,MAC_Address,Timestamp,RSSI,LQI,Diff_RSSI
Node_C5CD,AE:F7:83:9A:A9:52:C5:CD,1772801704.7989,-54,156,0
Node_C5CD,AE:F7:83:9A:A9:52:C5:CD,1772801704.900027,-55,152,-1
Node_C5CD,AE:F7:83:9A:A9:52:C5:CD,1772801705.001649,-55,152,0
Node_C5CD,AE:F7:83:9A:A9:52:C5:CD,1772801705.1025221,-55,152,0
Node_C5CD,AE:F7:83:9A:A9:52:C5:CD,1772801705.200182,-56,148,-1
Node_C5CD,AE:F7:83:9A:A9:52:C5:CD,1772801705.303005,-56,148,0
Node_C5CD,AE:F7:83:9A:A9:52:C5:CD,1772801705.4012651,-55,152,1
Node_C5CD,AE:F7:83:9A:A9:52:C5:CD,1772801705.5018523,-55,152,0
Node_C5CD,AE:F7:83:9A:A9:52:C5:CD,1772801705.6033967,-55,152,0
Node_C5CD,AE:F7:83:9A:A9:52:C5:CD,1772801705.7021492,-56,148,-1
Node_C5CD,AE:F7:83:9A:A9:52:C5:CD,1772801705.8018389,-55,152,1
Node_C5CD,AE:F7:83:9A:A9:52:C5:CD,1772801705.9032621,-54,156,1
Node_C5CD,AE:F7:83:9A:A9:52:C5:CD,1772801706.0045276,-54,156,0
Node_C5CD,AE:F7:83:9A:A9:52:C5:CD,1772801706.1035411,-53,160,1
Node_C5CD,AE:F7:83:9A:A9:52:C5:CD,1772801706.2037609,-53,160,0
Node_C5CD,AE:F7:83:9A:A9:52:C5:CD,1772801706.304786,-53,160,0
Node_C5CD,AE:F7:83:9A:A9:52:C5:CD,1772801706.404035,-53,160,0
Node_C5CD,AE:F7:83:9A:A9:52:C5:CD,1772801706.504108,-53,160,0
Node_C5CD,AE:F7:83:9A:A9:52:C5:CD,1772801706.605023,-53,160,0
Node_C5CD,AE:F7:83:9A:A9:52:C5:CD,1772801706.7059817,-53,160,0
Node_C5CD,AE:F7:83:9A:A9:52:C5:CD,1772801706.8064876,-53,160,0
Node_C5CD,AE:F7:83:9A:A9:52:C5:CD,1772801706.9077826,-53,160,0
Node_C5CD,AE:F7:83:9A:A9:52:C5:CD,1772801707.0072544,-53,160,0
Node_C5CD,AE:F7:83:9A:A9:52:C5:CD,1772801707.1061344,-52,164,1
Node_C5CD,AE:F7:83:9A:A9:52:C5:CD,1772801707.2059925,-52,164,0
Node_C5CD,AE:F7:83:9A:A9:52:C5:CD,1772801707.3071587,-52,164,0
Node_C5CD,AE:F7:83:9A:A9:52:C5:CD,1772801707.4079053,-52,164,0
Node_C5CD,AE:F7:83:9A:A9:52:C5:CD,1772801707.5075345,-52,164,0
Node_C5CD,AE:F7:83:9A:A9:52:C5:CD,1772801707.6087549,-52,164,0
Node_C5CD,AE:F7:83:9A:A9:52:C5:CD,1772801707.708331,-52,164,0
Node_C5CD,AE:F7:83:9A:A9:52:C5:CD,1772801707.809354,-53,160,-1
Node_C5CD,AE:F7:83:9A:A9:52:C5:CD,1772801707.9088573,-52,164,1
Node_C5CD,AE:F7:83:9A:A9:52:C5:CD,1772801708.0101252,-52,164,0
Node_C5CD,AE:F7:83:9A:A9:52:C5:CD,1772801708.1102805,-53,160,-1
Node_C5CD,AE:F7:83:9A:A9:52:C5:CD,1772801708.2106237,-53,160,0
Node_C5CD,AE:F7:83:9A:A9:52:C5:CD,1772801708.3118486,-53,160,0
Node_C5CD,AE:F7:83:9A:A9:52:C5:CD,1772801708.4095964,-52,164,1
Node_C5CD,AE:F7:83:9A:A9:52:C5:CD,1772801708.5125082,-52,164,0
Node_C5CD,AE:F7:83:9A:A9:52:C5:CD,1772801708.6111212,-52,164,0
Node_C5CD,AE:F7:83:9A:A9:52:C5:CD,1772801708.712174,-52,164,0
Node_C5CD,AE:F7:83:9A:A9:52:C5:CD,1772801708.812777,-53,160,-1
Node_C5CD,AE:F7:83:9A:A9:52:C5:CD,1772801708.9121926,-53,160,0
Node_C5CD,AE:F7:83:9A:A9:52:C5:CD,1772801709.0133767,-53,160,0
Node_C5CD,AE:F7:83:9A:A9:52:C5:CD,1772801709.113296,-53,160,0
Node_C5CD,AE:F7:83:9A:A9:52:C5:CD,1772801709.2120333,-53,160,0
Node_C5CD,AE:F7:83:9A:A9:52:C5:CD,1772801709.314581,-53,160,0
Node_C5CD,AE:F7:83:9A:A9:52:C5:CD,1772801709.4136393,-53,160,0
Node_C5CD,AE:F7:83:9A:A9:52:C5:CD,1772801709.5137591,-53,160,0
Node_C5CD,AE:F7:83:9A:A9:52:C5:CD,1772801709.615293,-53,160,0
Node_C5CD,AE:F7:83:9A:A9:52:C5:CD,1772801709.7141569,-53,160,0
Node_C5CD,AE:F7:83:9A:A9:52:C5:CD,1772801709.8142169,-53,160,0
Node_C5CD,AE:F7:83:9A:A9:52:C5:CD,1772801709.9149141,-53,160,0
Node_C5CD,AE:F7:83:9A:A9:52:C5:CD,1772801710.0166476,-53,160,0
Node_C5CD,AE:F7:83:9A:A9:52:C5:CD,1772801710.1152866,-53,160,0
Node_C5CD,AE:F7:83:9A:A9:52:C5:CD,1772801710.2176929,-53,160,0
Node_C5CD,AE:F7:83:9A:A9:52:C5:CD,1772801710.3166811,-53,160,0
Node_C5CD,AE:F7:83:9A:A9:52:C5:CD,1772801710.4167645,-53,160,0
Node_C5CD,AE:F7:83:9A:A9:52:C5:CD,1772801710.5181406,-53,160,0
Node_C5CD,AE:F7:83:9A:A9:52:C5:CD,1772801710.619137,-53,160,0
Node_C5CD,AE:F7:83:9A:A9:52:C5:CD,1772801710.717923,-53,160,0
Node_C5CD,AE:F7:83:9A:A9:52:C5:CD,1772801710.8194103,-53,160,0
Node_C5CD,AE:F7:83:9A:A9:52:C5:CD,1772801710.9178393,-53,160,0
Node_C5CD,AE:F7:83:9A:A9:52:C5:CD,1772801711.0182533,-52,164,1
Node_C5CD,AE:F7:83:9A:A9:52:C5:CD,1772801711.1182456,-52,164,0
Node_C5CD,AE:F7:83:9A:A9:52:C5:CD,1772801711.2194295,-52,164,0
Node_C5CD,AE:F7:83:9A:A9:52:C5:CD,1772801711.3204007,-52,164,0
Node_C5CD,AE:F7:83:9A:A9:52:C5:CD,1772801711.419743,-52,164,0
Node_C5CD,AE:F7:83:9A:A9:52:C5:CD,1772801711.5212326,-53,160,-1
Node_C5CD,AE:F7:83:9A:A9:52:C5:CD,1772801711.620733,-52,164,1
Node_C5CD,AE:F7:83:9A:A9:52:C5:CD,1772801711.7206154,-53,160,-1
Node_C5CD,AE:F7:83:9A:A9:52:C5:CD,1772801711.8223088,-52,164,1
Node_C5CD,AE:F7:83:9A:A9:52:C5:CD,1772801711.9215739,-52,164,0
Node_C5CD,AE:F7:83:9A:A9:52:C5:CD,1772801712.0219238,-53,160,-1
Node_C5CD,AE:F7:83:9A:A9:52:C5:CD,1772801712.122293,-53,160,0
Node_C5CD,AE:F7:83:9A:A9:52:C5:CD,1772801712.2240002,-53,160,0
Node_C5CD,AE:F7:83:9A:A9:52:C5:CD,1772801712.3236659,-52,164,1
Node_C5CD,AE:F7:83:9A:A9:52:C5:CD,1772801712.4223535,-52,164,0
Node_C5CD,AE:F7:83:9A:A9:52:C5:CD,1772801712.5241792,-52,164,0
Node_C5CD,AE:F7:83:9A:A9:52:C5:CD,1772801712.6243434,-52,164,0
Node_C5CD,AE:F7:83:9A:A9:52:C5:CD,1772801712.7255201,-52,164,0
Node_C5CD,AE:F7:83:9A:A9:52:C5:CD,1772801712.8244345,-52,164,0
Node_C5CD,AE:F7:83:9A:A9:52:C5:CD,1772801712.924765,-52,164,0
Node_C5CD,AE:F7:83:9A:A9:52:C5:CD,1772801713.0259006,-52,164,0
Node_C5CD,AE:F7:83:9A:A9:52:C5:CD,1772801713.1265173,-52,164,0
Node_C5CD,AE:F7:83:9A:A9:52:C5:CD,1772801713.2254372,-52,164,0
Node_C5CD,AE:F7:83:9A:A9:52:C5:CD,1772801713.3259375,-52,164,0
Node_C5CD,AE:F7:83:9A:A9:52:C5:CD,1772801713.4277275,-52,164,0
Node_C5CD,AE:F7:83:9A:A9:52:C5:CD,1772801713.5264137,-52,164,0
Node_C5CD,AE:F7:83:9A:A9:52:C5:CD,1772801713.6286876,-52,164,0
Node_C5CD,AE:F7:83:9A:A9:52:C5:CD,1772801713.7278829,-52,164,0
Node_C5CD,AE:F7:83:9A:A9:52:C5:CD,1772801713.828446,-52,164,0
Node_C5CD,AE:F7:83:9A:A9:52:C5:CD,1772801713.9277184,-52,164,0
Node_C5CD,AE:F7:83:9A:A9:52:C5:CD,1772801714.0273483,-52,164,0
Node_C5CD,AE:F7:83:9A:A9:52:C5:CD,1772801714.12979,-52,164,0
Node_C5CD,AE:F7:83:9A:A9:52:C5:CD,1772801714.2278357,-52,164,0
Node_C5CD,AE:F7:83:9A:A9:52:C5:CD,1772801714.3289108,-52,164,0
Node_C5CD,AE:F7:83:9A:A9:52:C5:CD,1772801714.4304552,-51,168,1
Node_C5CD,AE:F7:83:9A:A9:52:C5:CD,1772801714.529671,-51,168,0
Node_C5CD,AE:F7:83:9A:A9:52:C5:CD,1772801714.6312733,-51,168,0
Node_C5CD,AE:F7:83:9A:A9:52:C5:CD,1772801714.7313702,-51,168,0
Node_C5CD,AE:F7:83:9A:A9:52:C5:CD,1772801714.8298583,-52,164,-1
Node_C5CD,AE:F7:83:9A:A9:52:C5:CD,1772801714.930547,-52,164,0
Node_C5CD,AE:F7:83:9A:A9:52:C5:CD,1772801715.0312903,-52,164,0
Node_C5CD,AE:F7:83:9A:A9:52:C5:CD,1772801715.1315372,-51,168,1
Node_C5CD,AE:F7:83:9A:A9:52:C5:CD,1772801715.2309113,-52,164,-1
Node_C5CD,AE:F7:83:9A:A9:52:C5:CD,1772801715.432309,-52,164,0
Node_C5CD,AE:F7:83:9A:A9:52:C5:CD,1772801715.531617,-52,164,0
Node_C5CD,AE:F7:83:9A:A9:52:C5:CD,1772801715.6331935,-52,164,0
Node_C5CD,AE:F7:83:9A:A9:52:C5:CD,1772801715.7343736,-52,164,0
Node_C5CD,AE:F7:83:9A:A9:52:C5:CD,1772801715.8352034,-52,164,0
Node_C5CD,AE:F7:83:9A:A9:52:C5:CD,1772801715.9331474,-52,164,0
Node_C5CD,AE:F7:83:9A:A9:52:C5:CD,1772801716.0344932,-52,164,0
Node_C5CD,AE:F7:83:9A:A9:52:C5:CD,1772801716.1337774,-52,164,0
Node_C5CD,AE:F7:83:9A:A9:52:C5:CD,1772801716.2353103,-52,164,0
Node_C5CD,AE:F7:83:9A:A9:52:C5:CD,1772801716.3354158,-52,164,0
Node_C5CD,AE:F7:83:9A:A9:52:C5:CD,1772801716.4345772,-52,164,0
Node_C5CD,AE:F7:83:9A:A9:52:C5:CD,1772801716.5363529,-52,164,0
Node_C5CD,AE:F7:83:9A:A9:52:C5:CD,1772801716.6376457,-52,164,0
Node_C5CD,AE:F7:83:9A:A9:52:C5:CD,1772801716.7381148,-52,164,0
Node_C5CD,AE:F7:83:9A:A9:52:C5:CD,1772801716.8364844,-52,164,0
Node_C5CD,AE:F7:83:9A:A9:52:C5:CD,1772801716.9373133,-52,164,0
Node_C5CD,AE:F7:83:9A:A9:52:C5:CD,1772801717.0384047,-52,164,0
Node_C5CD,AE:F7:83:9A:A9:52:C5:CD,1772801717.137784,-52,164,0
Node_C5CD,AE:F7:83:9A:A9:52:C5:CD,1772801717.2384048,-52,164,0
Node_C5CD,AE:F7:83:9A:A9:52:C5:CD,1772801717.3393552,-52,164,0
Node_C5CD,AE:F7:83:9A:A9:52:C5:CD,1772801717.438998,-52,164,0
Node_C5CD,AE:F7:83:9A:A9:52:C5:CD,1772801717.540148,-52,164,0
Node_C5CD,AE:F7:83:9A:A9:52:C5:CD,1772801717.6386573,-52,164,0
Node_C5CD,AE:F7:83:9A:A9:52:C5:CD,1772801717.7403042,-52,164,0
Node_C5CD,AE:F7:83:9A:A9:52:C5:CD,1772801717.8395772,-52,164,0
Node_C5CD,AE:F7:83:9A:A9:52:C5:CD,1772801717.9402056,-52,164,0
Node_C5CD,AE:F7:83:9A:A9:52:C5:CD,1772801718.0409796,-52,164,0
Node_C5CD,AE:F7:83:9A:A9:52:C5:CD,1772801718.1414986,-52,164,0
Node_C5CD,AE:F7:83:9A:A9:52:C5:CD,1772801718.2413936,-52,164,0
Node_C5CD,AE:F7:83:9A:A9:52:C5:CD,1772801718.3412118,-52,164,0
Node_C5CD,AE:F7:83:9A:A9:52:C5:CD,1772801718.4421713,-52,164,0
Node_C5CD,AE:F7:83:9A:A9:52:C5:CD,1772801718.5435514,-52,164,0
Node_C5CD,AE:F7:83:9A:A9:52:C5:CD,1772801718.642407,-52,164,0
Node_C5CD,AE:F7:83:9A:A9:52:C5:CD,1772801718.742397,-52,164,0
Node_C5CD,AE:F7:83:9A:A9:52:C5:CD,1772801718.8432457,-52,164,0
Node_C5CD,AE:F7:83:9A:A9:52:C5:CD,1772801718.9428895,-52,164,0
Node_C5CD,AE:F7:83:9A:A9:52:C5:CD,1772801719.0440707,-52,164,0
Node_C5CD,AE:F7:83:9A:A9:52:C5:CD,1772801719.1435962,-52,164,0
Node_C5CD,AE:F7:83:9A:A9:52:C5:CD,1772801719.2463055,-52,164,0
Node_C5CD,AE:F7:83:9A:A9:52:C5:CD,1772801719.3455129,-52,164,0
Node_C5CD,AE:F7:83:9A:A9:52:C5:CD,1772801719.4452326,-52,164,0
Node_C5CD,AE:F7:83:9A:A9:52:C5:CD,1772801719.5460613,-52,164,0
Node_C5CD,AE:F7:83:9A:A9:52:C5:CD,1772801719.64687,-52,164,0
Node_C5CD,AE:F7:83:9A:A9:52:C5:CD,1772801719.7460995,-52,164,0
Node_C5CD,AE:F7:83:9A:A9:52:C5:CD,1772801719.8460872,-52,164,0
Node_C5CD,AE:F7:83:9A:A9:52:C5:CD,1772801719.9470966,-52,164,0
Node_C5CD,AE:F7:83:9A:A9:52:C5:CD,1772801720.0476444,-52,164,0
Node_C5CD,AE:F7:83:9A:A9:52:C5:CD,1772801720.1471379,-52,164,0
Node_C5CD,AE:F7:83:9A:A9:52:C5:CD,1772801720.2467504,-52,164,0
Node_C5CD,AE:F7:83:9A:A9:52:C5:CD,1772801720.3488238,-52,164,0
Node_C5CD,AE:F7:83:9A:A9:52:C5:CD,1772801720.448503,-52,164,0
Node_C5CD,AE:F7:83:9A:A9:52:C5:CD,1772801720.549132,-52,164,0
Node_C5CD,AE:F7:83:9A:A9:52:C5:CD,1772801720.648086,-52,164,0
Node_C5CD,AE:F7:83:9A:A9:52:C5:CD,1772801720.749696,-52,164,0
Node_C5CD,AE:F7:83:9A:A9:52:C5:CD,1772801720.8487847,-52,164,0
Node_C5CD,AE:F7:83:9A:A9:52:C5:CD,1772801720.948417,-52,164,0
Node_C5CD,AE:F7:83:9A:A9:52:C5:CD,1772801721.0491898,-52,164,0
Node_C5CD,AE:F7:83:9A:A9:52:C5:CD,1772801721.1500494,-52,164,0
Node_C5CD,AE:F7:83:9A:A9:52:C5:CD,1772801721.2519028,-52,164,0
Node_C5CD,AE:F7:83:9A:A9:52:C5:CD,1772801721.3501637,-52,164,0
Node_C5CD,AE:F7:83:9A:A9:52:C5:CD,1772801721.4504304,-52,164,0
Node_C5CD,AE:F7:83:9A:A9:52:C5:CD,1772801721.5518942,-52,164,0
Node_C5CD,AE:F7:83:9A:A9:52:C5:CD,1772801721.6513214,-52,164,0
Node_C5CD,AE:F7:83:9A:A9:52:C5:CD,1772801721.7532952,-52,164,0
Node_C5CD,AE:F7:83:9A:A9:52:C5:CD,1772801721.8529348,-52,164,0
Node_C5CD,AE:F7:83:9A:A9:52:C5:CD,1772801721.9527519,-52,164,0
Node_C5CD,AE:F7:83:9A:A9:52:C5:CD,1772801722.0529947,-52,164,0
Node_C5CD,AE:F7:83:9A:A9:52:C5:CD,1772801722.2537541,-52,164,0
Node_C5CD,AE:F7:83:9A:A9:52:C5:CD,1772801722.3533669,-53,160,-1
Node_C5CD,AE:F7:83:9A:A9:52:C5:CD,1772801722.453119,-53,160,0
Node_C5CD,AE:F7:83:9A:A9:52:C5:CD,1772801722.5551698,-54,156,-1
Node_C5CD,AE:F7:83:9A:A9:52:C5:CD,1772801722.6557555,-54,156,0
Node_C5CD,AE:F7:83:9A:A9:52:C5:CD,1772801722.7568438,-54,156,0
Node_C5CD,AE:F7:83:9A:A9:52:C5:CD,1772801722.85444,-53,160,1
Node_C5CD,AE:F7:83:9A:A9:52:C5:CD,1772801722.9550843,-53,160,0
Node_C5CD,AE:F7:83:9A:A9:52:C5:CD,1772801723.0570571,-53,160,0
Node_C5CD,AE:F7:83:9A:A9:52:C5:CD,1772801723.156213,-53,160,0
Node_C5CD,AE:F7:83:9A:A9:52:C5:CD,1772801723.2566013,-53,160,0
Node_C5CD,AE:F7:83:9A:A9:52:C5:CD,1772801723.3560553,-53,160,0
Node_C5CD,AE:F7:83:9A:A9:52:C5:CD,1772801723.4580002,-53,160,0
Node_C5CD,AE:F7:83:9A:A9:52:C5:CD,1772801723.557637,-53,160,0
Node_C5CD,AE:F7:83:9A:A9:52:C5:CD,1772801723.6573796,-53,160,0
Node_C5CD,AE:F7:83:9A:A9:52:C5:CD,1772801723.7585895,-53,160,0
Node_C5CD,AE:F7:83:9A:A9:52:C5:CD,1772801723.8592055,-53,160,0
Node_C5CD,AE:F7:83:9A:A9:52:C5:CD,1772801723.959163,-52,164,1
Node_C5CD,AE:F7:83:9A:A9:52:C5:CD,1772801724.059721,-52,164,0
Node_C5CD,AE:F7:83:9A:A9:52:C5:CD,1772801724.1586955,-52,164,0
Node_C5CD,AE:F7:83:9A:A9:52:C5:CD,1772801724.2600045,-52,164,0
Node_C5CD,AE:F7:83:9A:A9:52:C5:CD,1772801724.361804,-52,164,0
Node_C5CD,AE:F7:83:9A:A9:52:C5:CD,1772801724.4603033,-52,164,0
Node_C5CD,AE:F7:83:9A:A9:52:C5:CD,1772801724.5621035,-52,164,0
Node_C5CD,AE:F7:83:9A:A9:52:C5:CD,1772801724.6603713,-52,164,0
Node_C5CD,AE:F7:83:9A:A9:52:C5:CD,1772801724.7622316,-52,164,0
Node_C5CD,AE:F7:83:9A:A9:52:C5:CD,1772801724.862667,-52,164,0
Node_C5CD,AE:F7:83:9A:A9:52:C5:CD,1772801724.9632807,-52,164,0
Node_C5CD,AE:F7:83:9A:A9:52:C5:CD,1772801725.0637522,-51,168,1
Node_C5CD,AE:F7:83:9A:A9:52:C5:CD,1772801725.162858,-52,164,-1
Node_C5CD,AE:F7:83:9A:A9:52:C5:CD,1772801725.2624667,-52,164,0
Node_C5CD,AE:F7:83:9A:A9:52:C5:CD,1772801725.3635316,-52,164,0
Node_C5CD,AE:F7:83:9A:A9:52:C5:CD,1772801725.4634304,-52,164,0
Node_C5CD,AE:F7:83:9A:A9:52:C5:CD,1772801725.5633245,-52,164,0
Node_C5CD,AE:F7:83:9A:A9:52:C5:CD,1772801725.6656268,-52,164,0
Node_C5CD,AE:F7:83:9A:A9:52:C5:CD,1772801725.764386,-52,164,0
Node_C5CD,AE:F7:83:9A:A9:52:C5:CD,1772801725.864274,-52,164,0
Node_C5CD,AE:F7:83:9A:A9:52:C5:CD,1772801725.9649122,-52,164,0
Node_C5CD,AE:F7:83:9A:A9:52:C5:CD,1772801726.0667725,-52,164,0
Node_C5CD,AE:F7:83:9A:A9:52:C5:CD,1772801726.1654313,-52,164,0
Node_C5CD,AE:F7:83:9A:A9:52:C5:CD,1772801726.266701,-52,164,0
Node_C5CD,AE:F7:83:9A:A9:52:C5:CD,1772801726.3683698,-52,164,0
Node_C5CD,AE:F7:83:9A:A9:52:C5:CD,1772801726.4670763,-52,164,0
Node_C5CD,AE:F7:83:9A:A9:52:C5:CD,1772801726.5678542,-52,164,0
Node_C5CD,AE:F7:83:9A:A9:52:C5:CD,1772801726.6682856,-52,164,0
Node_C5CD,AE:F7:83:9A:A9:52:C5:CD,1772801726.8669858,-52,164,0
Node_C5CD,AE:F7:83:9A:A9:52:C5:CD,1772801726.9696379,-52,164,0
Node_C5CD,AE:F7:83:9A:A9:52:C5:CD,1772801727.0695286,-52,164,0
Node_C5CD,AE:F7:83:9A:A9:52:C5:CD,1772801727.16955,-52,164,0
Node_C5CD,AE:F7:83:9A:A9:52:C5:CD,1772801727.270278,-52,164,0
Node_C5CD,AE:F7:83:9A:A9:52:C5:CD,1772801727.370504,-52,164,0
Node_C5CD,AE:F7:83:9A:A9:52:C5:CD,1772801727.4711473,-52,164,0
Node_C5CD,AE:F7:83:9A:A9:52:C5:CD,1772801727.5692039,-52,164,0
Node_C5CD,AE:F7:83:9A:A9:52:C5:CD,1772801727.6705003,-52,164,0
Node_C5CD,AE:F7:83:9A:A9:52:C5:CD,1772801727.7700634,-52,164,0
Node_C5CD,AE:F7:83:9A:A9:52:C5:CD,1772801727.8707538,-52,164,0
Node_C5CD,AE:F7:83:9A:A9:52:C5:CD,1772801727.971694,-52,164,0
Node_C5CD,AE:F7:83:9A:A9:52:C5:CD,1772801728.073299,-52,164,0
Node_C5CD,AE:F7:83:9A:A9:52:C5:CD,1772801728.172175,-52,164,0
Node_C5CD,AE:F7:83:9A:A9:52:C5:CD,1772801728.2741992,-52,164,0
Node_C5CD,AE:F7:83:9A:A9:52:C5:CD,1772801728.3728259,-52,164,0
Node_C5CD,AE:F7:83:9A:A9:52:C5:CD,1772801728.4740648,-52,164,0
Node_C5CD,AE:F7:83:9A:A9:52:C5:CD,1772801728.5722637,-52,164,0
Node_C5CD,AE:F7:83:9A:A9:52:C5:CD,1772801728.6726723,-52,164,0
Node_C5CD,AE:F7:83:9A:A9:52:C5:CD,1772801728.7735775,-52,164,0
Node_C5CD,AE:F7:83:9A:A9:52:C5:CD,1772801728.8745756,-52,164,0
Node_C5CD,AE:F7:83:9A:A9:52:C5:CD,1772801728.9739377,-52,164,0
Node_C5CD,AE:F7:83:9A:A9:52:C5:CD,1772801729.0754797,-52,164,0
Node_C5CD,AE:F7:83:9A:A9:52:C5:CD,1772801729.1746123,-52,164,0
Node_C5CD,AE:F7:83:9A:A9:52:C5:CD,1772801729.2767417,-52,164,0
Node_C5CD,AE:F7:83:9A:A9:52:C5:CD,1772801729.3754761,-52,164,0
Node_C5CD,AE:F7:83:9A:A9:52:C5:CD,1772801729.4759884,-52,164,0
Node_C5CD,AE:F7:83:9A:A9:52:C5:CD,1772801729.5773158,-52,164,0
Node_C5CD,AE:F7:83:9A:A9:52:C5:CD,1772801729.6770184,-52,164,0
Node_C5CD,AE:F7:83:9A:A9:52:C5:CD,1772801729.778421,-52,164,0
Node_C5CD,AE:F7:83:9A:A9:52:C5:CD,1772801729.8780646,-52,164,0
Node_C5CD,AE:F7:83:9A:A9:52:C5:CD,1772801729.9766424,-52,164,0
Node_C5CD,AE:F7:83:9A:A9:52:C5:CD,1772801730.0786195,-52,164,0
Node_C5CD,AE:F7:83:9A:A9:52:C5:CD,1772801730.1782312,-52,164,0
Node_C5CD,AE:F7:83:9A:A9:52:C5:CD,1772801730.2778912,-52,164,0
Node_C5CD,AE:F7:83:9A:A9:52:C5:CD,1772801730.379145,-52,164,0
Node_C5CD,AE:F7:83:9A:A9:52:C5:CD,1772801730.4793298,-52,164,0
Node_C5CD,AE:F7:83:9A:A9:52:C5:CD,1772801730.5796185,-52,164,0
Node_C5CD,AE:F7:83:9A:A9:52:C5:CD,1772801730.6787608,-52,164,0
Node_C5CD,AE:F7:83:9A:A9:52:C5:CD,1772801730.7810233,-52,164,0
Node_C5CD,AE:F7:83:9A:A9:52:C5:CD,1772801730.8794775,-52,164,0
Node_C5CD,AE:F7:83:9A:A9:52:C5:CD,1772801730.9813979,-52,164,0
Node_C5CD,AE:F7:83:9A:A9:52:C5:CD,1772801731.0808825,-52,164,0
Node_C5CD,AE:F7:83:9A:A9:52:C5:CD,1772801731.1821246,-52,164,0
Node_C5CD,AE:F7:83:9A:A9:52:C5:CD,1772801731.2810962,-53,160,-1
Node_C5CD,AE:F7:83:9A:A9:52:C5:CD,1772801731.3811305,-53,160,0
Node_C5CD,AE:F7:83:9A:A9:52:C5:CD,1772801731.48282,-53,160,0
Node_C5CD,AE:F7:83:9A:A9:52:C5:CD,1772801731.582914,-52,164,1
Node_C5CD,AE:F7:83:9A:A9:52:C5:CD,1772801731.6831822,-53,160,-1
Node_C5CD,AE:F7:83:9A:A9:52:C5:CD,1772801731.782239,-53,160,0
Node_C5CD,AE:F7:83:9A:A9:52:C5:CD,1772801731.882938,-53,160,0
Node_C5CD,AE:F7:83:9A:A9:52:C5:CD,1772801731.9825575,-52,164,1
Node_C5CD,AE:F7:83:9A:A9:52:C5:CD,1772801732.0853455,-52,164,0
Node_C5CD,AE:F7:83:9A:A9:52:C5:CD,1772801732.1843307,-53,160,-1
Node_C5CD,AE:F7:83:9A:A9:52:C5:CD,1772801732.2855368,-52,164,1
Node_C5CD,AE:F7:83:9A:A9:52:C5:CD,1772801732.3863766,-52,164,0
Node_C5CD,AE:F7:83:9A:A9:52:C5:CD,1772801732.4859319,-52,164,0
Node_C5CD,AE:F7:83:9A:A9:52:C5:CD,1772801732.585013,-52,164,0
Node_C5CD,AE:F7:83:9A:A9:52:C5:CD,1772801732.6865132,-52,164,0
Node_C5CD,AE:F7:83:9A:A9:52:C5:CD,1772801732.7869244,-52,164,0
Node_C5CD,AE:F7:83:9A:A9:52:C5:CD,1772801732.8871589,-52,164,0
Node_C5CD,AE:F7:83:9A:A9:52:C5:CD,1772801732.9885993,-52,164,0
Node_C5CD,AE:F7:83:9A:A9:52:C5:CD,1772801733.0874243,-52,164,0
Node_C5CD,AE:F7:83:9A:A9:52:C5:CD,1772801733.186633,-52,164,0
Node_C5CD,AE:F7:83:9A:A9:52:C5:CD,1772801733.2878253,-52,164,0
Node_C5CD,AE:F7:83:9A:A9:52:C5:CD,1772801733.3873947,-52,164,0
Node_C5CD,AE:F7:83:9A:A9:52:C5:CD,1772801733.4896004,-52,164,0
Node_C5CD,AE:F7:83:9A:A9:52:C5:CD,1772801733.58885,-52,164,0
Node_C5CD,AE:F7:83:9A:A9:52:C5:CD,1772801733.6891584,-52,164,0
Node_C5CD,AE:F7:83:9A:A9:52:C5:CD,1772801733.79039,-52,164,0
Node_C5CD,AE:F7:83:9A:A9:52:C5:CD,1772801733.889073,-52,164,0
Node_C5CD,AE:F7:83:9A:A9:52:C5:CD,1772801733.9894116,-52,164,0
Node_C5CD,AE:F7:83:9A:A9:52:C5:CD,1772801734.090744,-52,164,0
Node_C5CD,AE:F7:83:9A:A9:52:C5:CD,1772801734.1908824,-52,164,0
Node_C5CD,AE:F7:83:9A:A9:52:C5:CD,1772801734.2904441,-52,164,0
Node_C5CD,AE:F7:83:9A:A9:52:C5:CD,1772801734.390025,-52,164,0
Node_C5CD,AE:F7:83:9A:A9:52:C5:CD,1772801734.4917617,-52,164,0
Node_C5CD,AE:F7:83:9A:A9:52:C5:CD,1772801734.5928116,-52,164,0
Node_C5CD,AE:F7:83:9A:A9:52:C5:CD,1772801734.6928415,-53,160,-1
Node_C5CD,AE:F7:83:9A:A9:52:C5:CD,1772801734.7910314,-53,160,0
Node_C5CD,AE:F7:83:9A:A9:52:C5:CD,1772801734.8929706,-53,160,0
Node_C5CD,AE:F7:83:9A:A9:52:C5:CD,1772801734.993412,-53,160,0
Node_C5CD,AE:F7:83:9A:A9:52:C5:CD,1772801735.0936255,-53,160,0
Node_C5CD,AE:F7:83:9A:A9:52:C5:CD,1772801735.1950662,-53,160,0
Node_C5CD,AE:F7:83:9A:A9:52:C5:CD,1772801735.2949393,-53,160,0
Node_C5CD,AE:F7:83:9A:A9:52:C5:CD,1772801735.3954332,-53,160,0
Node_C5CD,AE:F7:83:9A:A9:52:C5:CD,1772801735.4944718,-53,160,0
Node_C5CD,AE:F7:83:9A:A9:52:C5:CD,1772801735.5952744,-52,164,1
Node_C5CD,AE:F7:83:9A:A9:52:C5:CD,1772801735.6947129,-53,160,-1
Node_C5CD,AE:F7:83:9A:A9:52:C5:CD,1772801735.7958333,-53,160,0
Node_C5CD,AE:F7:83:9A:A9:52:C5:CD,1772801735.8962328,-52,164,1
Node_C5CD,AE:F7:83:9A:A9:52:C5:CD,1772801735.9962537,-52,164,0
Node_C5CD,AE:F7:83:9A:A9:52:C5:CD,1772801736.0960264,-52,164,0
Node_C5CD,AE:F7:83:9A:A9:52:C5:CD,1772801736.196675,-52,164,0
Node_C5CD,AE:F7:83:9A:A9:52:C5:CD,1772801736.2970588,-52,164,0
Node_C5CD,AE:F7:83:9A:A9:52:C5:CD,1772801736.3982763,-52,164,0
Node_C5CD,AE:F7:83:9A:A9:52:C5:CD,1772801736.4988132,-52,164,0
Node_C5CD,AE:F7:83:9A:A9:52:C5:CD,1772801736.5980885,-52,164,0
Node_C5CD,AE:F7:83:9A:A9:52:C5:CD,1772801736.69948,-52,164,0
Node_C5CD,AE:F7:83:9A:A9:52:C5:CD,1772801736.798793,-52,164,0
Node_C5CD,AE:F7:83:9A:A9:52:C5:CD,1772801736.8979685,-52,164,0
Node_C5CD,AE:F7:83:9A:A9:52:C5:CD,1772801736.9989746,-52,164,0
Node_C5CD,AE:F7:83:9A:A9:52:C5:CD,1772801737.0993953,-52,164,0
Node_C5CD,AE:F7:83:9A:A9:52:C5:CD,1772801737.1986563,-52,164,0
Node_C5CD,AE:F7:83:9A:A9:52:C5:CD,1772801737.2988288,-52,164,0
Node_C5CD,AE:F7:83:9A:A9:52:C5:CD,1772801737.4014604,-52,164,0
Node_C5CD,AE:F7:83:9A:A9:52:C5:CD,1772801737.5008276,-52,164,0
Node_C5CD,AE:F7:83:9A:A9:52:C5:CD,1772801737.6007037,-52,164,0
Node_C5CD,AE:F7:83:9A:A9:52:C5:CD,1772801737.7008717,-52,164,0
Node_C5CD,AE:F7:83:9A:A9:52:C5:CD,1772801737.8029306,-52,164,0
Node_C5CD,AE:F7:83:9A:A9:52:C5:CD,1772801737.901913,-52,164,0
Node_C5CD,AE:F7:83:9A:A9:52:C5:CD,1772801738.0017684,-53,160,-1
Node_C5CD,AE:F7:83:9A:A9:52:C5:CD,1772801738.1034465,-53,160,0
Node_C5CD,AE:F7:83:9A:A9:52:C5:CD,1772801738.2042458,-53,160,0
Node_C5CD,AE:F7:83:9A:A9:52:C5:CD,1772801738.302066,-53,160,0
Node_C5CD,AE:F7:83:9A:A9:52:C5:CD,1772801738.4041765,-53,160,0
Node_C5CD,AE:F7:83:9A:A9:52:C5:CD,1772801738.5030088,-53,160,0
Node_C5CD,AE:F7:83:9A:A9:52:C5:CD,1772801738.603394,-53,160,0
Node_C5CD,AE:F7:83:9A:A9:52:C5:CD,1772801738.7059298,-53,160,0
Node_C5CD,AE:F7:83:9A:A9:52:C5:CD,1772801738.8036838,-53,160,0
Node_C5CD,AE:F7:83:9A:A9:52:C5:CD,1772801738.9062095,-53,160,0
Node_C5CD,AE:F7:83:9A:A9:52:C5:CD,1772801739.0044105,-53,160,0
Node_C5CD,AE:F7:83:9A:A9:52:C5:CD,1772801739.1050334,-53,160,0
Node_C5CD,AE:F7:83:9A:A9:52:C5:CD,1772801739.2043688,-53,160,0
Node_C5CD,AE:F7:83:9A:A9:52:C5:CD,1772801739.306488,-53,160,0
Node_C5CD,AE:F7:83:9A:A9:52:C5:CD,1772801739.5074265,-52,164,1
Node_C5CD,AE:F7:83:9A:A9:52:C5:CD,1772801739.606591,-53,160,-1
Node_C5CD,AE:F7:83:9A:A9:52:C5:CD,1772801739.7088406,-53,160,0
Node_C5CD,AE:F7:83:9A:A9:52:C5:CD,1772801739.8073153,-52,164,1
Node_C5CD,AE:F7:83:9A:A9:52:C5:CD,1772801739.909394,-52,164,0
Node_C5CD,AE:F7:83:9A:A9:52:C5:CD,1772801740.008886,-52,164,0
Node_C5CD,AE:F7:83:9A:A9:52:C5:CD,1772801740.1094725,-52,164,0
Node_C5CD,AE:F7:83:9A:A9:52:C5:CD,1772801740.2078137,-52,164,0
Node_C5CD,AE:F7:83:9A:A9:52:C5:CD,1772801740.308684,-52,164,0
Node_C5CD,AE:F7:83:9A:A9:52:C5:CD,1772801740.4111276,-52,164,0
Node_C5CD,AE:F7:83:9A:A9:52:C5:CD,1772801740.5103076,-52,164,0
Node_C5CD,AE:F7:83:9A:A9:52:C5:CD,1772801740.6103382,-52,164,0
Node_C5CD,AE:F7:83:9A:A9:52:C5:CD,1772801740.7095957,-52,164,0
Node_C5CD,AE:F7:83:9A:A9:52:C5:CD,1772801740.810797,-52,164,0
Node_C5CD,AE:F7:83:9A:A9:52:C5:CD,1772801740.9124022,-52,164,0
Node_C5CD,AE:F7:83:9A:A9:52:C5:CD,1772801741.0112255,-52,164,0
Node_C5CD,AE:F7:83:9A:A9:52:C5:CD,1772801741.1110628,-52,164,0
Node_C5CD,AE:F7:83:9A:A9:52:C5:CD,1772801741.211976,-52,164,0
Node_C5CD,AE:F7:83:9A:A9:52:C5:CD,1772801741.3122518,-52,164,0
Node_C5CD,AE:F7:83:9A:A9:52:C5:CD,1772801741.4134758,-52,164,0
Node_C5CD,AE:F7:83:9A:A9:52:C5:CD,1772801741.5122364,-52,164,0
Node_C5CD,AE:F7:83:9A:A9:52:C5:CD,1772801741.6151443,-52,164,0
Node_C5CD,AE:F7:83:9A:A9:52:C5:CD,1772801741.7143118,-52,164,0
Node_C5CD,AE:F7:83:9A:A9:52:C5:CD,1772801741.8136966,-52,164,0
Node_C5CD,AE:F7:83:9A:A9:52:C5:CD,1772801741.9131382,-52,164,0
Node_C5CD,AE:F7:83:9A:A9:52:C5:CD,1772801742.0138667,-52,164,0
Node_C5CD,AE:F7:83:9A:A9:52:C5:CD,1772801742.115307,-52,164,0
Node_C5CD,AE:F7:83:9A:A9:52:C5:CD,1772801742.2164953,-53,160,-1
Node_C5CD,AE:F7:83:9A:A9:52:C5:CD,1772801742.31476,-53,160,0
Node_C5CD,AE:F7:83:9A:A9:52:C5:CD,1772801742.4166608,-53,160,0
Node_C5CD,AE:F7:83:9A:A9:52:C5:CD,1772801742.5149302,-53,160,0
Node_C5CD,AE:F7:83:9A:A9:52:C5:CD,1772801742.6174116,-53,160,0
Node_C5CD,AE:F7:83:9A:A9:52:C5:CD,1772801742.7159076,-53,160,0
Node_C5CD,AE:F7:83:9A:A9:52:C5:CD,1772801742.8176475,-53,160,0
Node_C5CD,AE:F7:83:9A:A9:52:C5:CD,1772801742.9168217,-52,164,1
Node_C5CD,AE:F7:83:9A:A9:52:C5:CD,1772801743.018184,-53,160,-1
Node_C5CD,AE:F7:83:9A:A9:52:C5:CD,1772801743.1174371,-52,164,1
Node_C5CD,AE:F7:83:9A:A9:52:C5:CD,1772801743.2173712,-53,160,-1
Node_C5CD,AE:F7:83:9A:A9:52:C5:CD,1772801743.3178625,-52,164,1
Node_C5CD,AE:F7:83:9A:A9:52:C5:CD,1772801743.4193254,-52,164,0
Node_C5CD,AE:F7:83:9A:A9:52:C5:CD,1772801743.5198092,-52,164,0
Node_C5CD,AE:F7:83:9A:A9:52:C5:CD,1772801743.6186125,-52,164,0
Node_C5CD,AE:F7:83:9A:A9:52:C5:CD,1772801743.7193544,-51,168,1
Node_C5CD,AE:F7:83:9A:A9:52:C5:CD,1772801743.8193972,-52,164,-1
Node_C5CD,AE:F7:83:9A:A9:52:C5:CD,1772801743.9199178,-52,164,0
Node_C5CD,AE:F7:83:9A:A9:52:C5:CD,1772801744.0198536,-52,164,0
Node_C5CD,AE:F7:83:9A:A9:52:C5:CD,1772801744.1224186,-51,168,1
Node_C5CD,AE:F7:83:9A:A9:52:C5:CD,1772801744.2212086,-52,164,-1
Node_C5CD,AE:F7:83:9A:A9:52:C5:CD,1772801744.3223708,-52,164,0
Node_C5CD,AE:F7:83:9A:A9:52:C5:CD,1772801744.4231899,-52,164,0
Node_C5CD,AE:F7:83:9A:A9:52:C5:CD,1772801744.5230274,-52,164,0
Node_C5CD,AE:F7:83:9A:A9:52:C5:CD,1772801744.6223006,-52,164,0
Node_C5CD,AE:F7:83:9A:A9:52:C5:CD,1772801744.723043,-52,164,0
Node_C5CD,AE:F7:83:9A:A9:52:C5:CD,1772801744.8238313,-52,164,0
Node_C5CD,AE:F7:83:9A:A9:52:C5:CD,1772801744.9240506,-53,160,-1
Node_C5CD,AE:F7:83:9A:A9:52:C5:CD,1772801745.0239856,-55,152,-2
Node_C5CD,AE:F7:83:9A:A9:52:C5:CD,1772801745.1242168,-55,152,0
Node_C5CD,AE:F7:83:9A:A9:52:C5:CD,1772801745.2246077,-53,160,2
Node_C5CD,AE:F7:83:9A:A9:52:C5:CD,1772801745.3237524,-51,168,2
Node_C5CD,AE:F7:83:9A:A9:52:C5:CD,1772801745.4243538,-51,168,0
Node_C5CD,AE:F7:83:9A:A9:52:C5:CD,1772801745.5254636,-51,168,0
Node_C5CD,AE:F7:83:9A:A9:52:C5:CD,1772801745.625418,-52,164,-1
Node_C5CD,AE:F7:83:9A:A9:52:C5:CD,1772801745.7272656,-52,164,0
Node_C5CD,AE:F7:83:9A:A9:52:C5:CD,1772801745.8271422,-52,164,0
Node_C5CD,AE:F7:83:9A:A9:52:C5:CD,1772801745.927209,-51,168,1
Node_C5CD,AE:F7:83:9A:A9:52:C5:CD,1772801746.0261173,-51,168,0
Node_C5CD,AE:F7:83:9A:A9:52:C5:CD,1772801746.127605,-51,168,0
Node_C5CD,AE:F7:83:9A:A9:52:C5:CD,1772801746.2269123,-51,168,0
Node_C5CD,AE:F7:83:9A:A9:52:C5:CD,1772801746.4272606,-50,172,1
Node_C5CD,AE:F7:83:9A:A9:52:C5:CD,1772801746.5280638,-50,172,0
Node_C5CD,AE:F7:83:9A:A9:52:C5:CD,1772801746.6282496,-50,172,0
Node_C5CD,AE:F7:83:9A:A9:52:C5:CD,1772801746.728553,-50,172,0
Node_C5CD,AE:F7:83:9A:A9:52:C5:CD,1772801746.8312018,-50,172,0
Node_C5CD,AE:F7:83:9A:A9:52:C5:CD,1772801746.930765,-51,168,-1
Node_C5CD,AE:F7:83:9A:A9:52:C5:CD,1772801747.0294757,-51,168,0
Node_C5CD,AE:F7:83:9A:A9:52:C5:CD,1772801747.1290498,-50,172,1
Node_C5CD,AE:F7:83:9A:A9:52:C5:CD,1772801747.2312298,-50,172,0
Node_C5CD,AE:F7:83:9A:A9:52:C5:CD,1772801747.3314316,-50,172,0
Node_C5CD,AE:F7:83:9A:A9:52:C5:CD,1772801747.4310317,-50,172,0
Node_C5CD,AE:F7:83:9A:A9:52:C5:CD,1772801747.531137,-50,172,0
Node_C5CD,AE:F7:83:9A:A9:52:C5:CD,1772801747.632076,-50,172,0
Node_C5CD,AE:F7:83:9A:A9:52:C5:CD,1772801747.7333553,-50,172,0
Node_C5CD,AE:F7:83:9A:A9:52:C5:CD,1772801747.8330603,-50,172,0
Node_C5CD,AE:F7:83:9A:A9:52:C5:CD,1772801747.9331405,-50,172,0
Node_C5CD,AE:F7:83:9A:A9:52:C5:CD,1772801748.034422,-50,172,0
Node_C5CD,AE:F7:83:9A:A9:52:C5:CD,1772801748.1343033,-51,168,-1
Node_C5CD,AE:F7:83:9A:A9:52:C5:CD,1772801748.2335627,-51,168,0
Node_C5CD,AE:F7:83:9A:A9:52:C5:CD,1772801748.3348155,-51,168,0
Node_C5CD,AE:F7:83:9A:A9:52:C5:CD,1772801748.4354112,-52,164,-1
Node_C5CD,AE:F7:83:9A:A9:52:C5:CD,1772801748.5353029,-52,164,0
Node_C5CD,AE:F7:83:9A:A9:52:C5:CD,1772801748.6349015,-51,168,1
Node_C5CD,AE:F7:83:9A:A9:52:C5:CD,1772801748.7364025,-51,168,0
Node_C5CD,AE:F7:83:9A:A9:52:C5:CD,1772801748.834645,-51,168,0
Node_C5CD,AE:F7:83:9A:A9:52:C5:CD,1772801748.9353595,-51,168,0
Node_C5CD,AE:F7:83:9A:A9:52:C5:CD,1772801749.035015,-51,168,0
Node_C5CD,AE:F7:83:9A:A9:52:C5:CD,1772801749.137544,-51,168,0
Node_C5CD,AE:F7:83:9A:A9:52:C5:CD,1772801749.2360957,-51,168,0
Node_C5CD,AE:F7:83:9A:A9:52:C5:CD,1772801749.3368533,-51,168,0
Node_C5CD,AE:F7:83:9A:A9:52:C5:CD,1772801749.436328,-51,168,0
Node_C5CD,AE:F7:83:9A:A9:52:C5:CD,1772801749.5374699,-51,168,0
Node_C5CD,AE:F7:83:9A:A9:52:C5:CD,1772801749.6384647,-51,168,0
Node_C5CD,AE:F7:83:9A:A9:52:C5:CD,1772801749.7385354,-51,168,0
Node_C5CD,AE:F7:83:9A:A9:52:C5:CD,1772801749.837984,-51,168,0
Node_C5CD,AE:F7:83:9A:A9:52:C5:CD,1772801749.9397688,-51,168,0
Node_C5CD,AE:F7:83:9A:A9:52:C5:CD,1772801750.038358,-51,168,0
Node_C5CD,AE:F7:83:9A:A9:52:C5:CD,1772801750.1395273,-51,168,0
Node_C5CD,AE:F7:83:9A:A9:52:C5:CD,1772801750.239987,-52,164,-1
Node_C5CD,AE:F7:83:9A:A9:52:C5:CD,1772801750.339382,-52,164,0
Node_C5CD,AE:F7:83:9A:A9:52:C5:CD,1772801750.441858,-52,164,0
Node_C5CD,AE:F7:83:9A:A9:52:C5:CD,1772801750.5425327,-52,164,0
Node_C5CD,AE:F7:83:9A:A9:52:C5:CD,1772801750.6420588,-52,164,0
Node_C5CD,AE:F7:83:9A:A9:52:C5:CD,1772801750.7422628,-52,164,0
Node_C5CD,AE:F7:83:9A:A9:52:C5:CD,1772801750.8408036,-52,164,0
Node_C5CD,AE:F7:83:9A:A9:52:C5:CD,1772801751.0413356,-52,164,0
Node_C5CD,AE:F7:83:9A:A9:52:C5:CD,1772801751.1438994,-52,164,0
Node_C5CD,AE:F7:83:9A:A9:52:C5:CD,1772801751.2428157,-52,164,0
Node_C5CD,AE:F7:83:9A:A9:52:C5:CD,1772801751.3444033,-52,164,0
Node_C5CD,AE:F7:83:9A:A9:52:C5:CD,1772801751.4427433,-52,164,0
Node_C5CD,AE:F7:83:9A:A9:52:C5:CD,1772801751.544279,-51,168,1
Node_C5CD,AE:F7:83:9A:A9:52:C5:CD,1772801751.6451778,-51,168,0
Node_C5CD,AE:F7:83:9A:A9:52:C5:CD,1772801751.7449234,-52,164,-1
Node_C5CD,AE:F7:83:9A:A9:52:C5:CD,1772801751.8444343,-52,164,0
Node_C5CD,AE:F7:83:9A:A9:52:C5:CD,1772801751.9461586,-52,164,0
Node_C5CD,AE:F7:83:9A:A9:52:C5:CD,1772801752.047108,-52,164,0
Node_C5CD,AE:F7:83:9A:A9:52:C5:CD,1772801752.146331,-52,164,0
Node_C5CD,AE:F7:83:9A:A9:52:C5:CD,1772801752.2457929,-52,164,0
Node_C5CD,AE:F7:83:9A:A9:52:C5:CD,1772801752.3468091,-51,168,1
Node_C5CD,AE:F7:83:9A:A9:52:C5:CD,1772801752.447053,-51,168,0
Node_C5CD,AE:F7:83:9A:A9:52:C5:CD,1772801752.547255,-51,168,0
Node_C5CD,AE:F7:83:9A:A9:52:C5:CD,1772801752.647559,-51,168,0
Node_C5CD,AE:F7:83:9A:A9:52:C5:CD,1772801752.7486534,-51,168,0
Node_C5CD,AE:F7:83:9A:A9:52:C5:CD,1772801752.8492477,-51,168,0
Node_C5CD,AE:F7:83:9A:A9:52:C5:CD,1772801752.9485054,-51,168,0
Node_C5CD,AE:F7:83:9A:A9:52:C5:CD,1772801753.048346,-51,168,0
Node_C5CD,AE:F7:83:9A:A9:52:C5:CD,1772801753.1490188,-52,164,-1
Node_C5CD,AE:F7:83:9A:A9:52:C5:CD,1772801753.248922,-52,164,0
Node_C5CD,AE:F7:83:9A:A9:52:C5:CD,1772801753.348334,-53,160,-1
Node_C5CD,AE:F7:83:9A:A9:52:C5:CD,1772801753.4500225,-55,152,-2
Node_C5CD,AE:F7:83:9A:A9:52:C5:CD,1772801753.5510073,-55,152,0
Node_C5CD,AE:F7:83:9A:A9:52:C5:CD,1772801753.6510448,-55,152,0
Node_C5CD,AE:F7:83:9A:A9:52:C5:CD,1772801753.7508092,-54,156,1
Node_C5CD,AE:F7:83:9A:A9:52:C5:CD,1772801753.8503869,-54,156,0
Node_C5CD,AE:F7:83:9A:A9:52:C5:CD,1772801753.9513073,-55,152,-1
Node_C5CD,AE:F7:83:9A:A9:52:C5:CD,1772801754.0517476,-55,152,0
Node_C5CD,AE:F7:83:9A:A9:52:C5:CD,1772801754.1528752,-55,152,0
Node_C5CD,AE:F7:83:9A:A9:52:C5:CD,1772801754.2518058,-55,152,0
Node_C5CD,AE:F7:83:9A:A9:52:C5:CD,1772801754.3529766,-56,148,-1
Node_C5CD,AE:F7:83:9A:A9:52:C5:CD,1772801754.453003,-56,148,0
Node_C5CD,AE:F7:83:9A:A9:52:C5:CD,1772801754.5526538,-54,156,2
Node_C5CD,AE:F7:83:9A:A9:52:C5:CD,1772801754.6540043,-55,152,-1
Node_C5CD,AE:F7:83:9A:A9:52:C5:CD,1772801754.7553165,-56,148,-1
Node_C5CD,AE:F7:83:9A:A9:52:C5:CD,1772801754.8545153,-56,148,0
Node_C5CD,AE:F7:83:9A:A9:52:C5:CD,1772801754.954643,-53,160,3
Node_C5CD,AE:F7:83:9A:A9:52:C5:CD,1772801755.0535824,-52,164,1
Node_C5CD,AE:F7:83:9A:A9:52:C5:CD,1772801755.1554139,-51,168,1
Node_C5CD,AE:F7:83:9A:A9:52:C5:CD,1772801755.2555497,-51,168,0
Node_C5CD,AE:F7:83:9A:A9:52:C5:CD,1772801755.3565543,-50,172,1
Node_C5CD,AE:F7:83:9A:A9:52:C5:CD,1772801755.4551094,-50,172,0
Node_C5CD,AE:F7:83:9A:A9:52:C5:CD,1772801755.5561965,-51,168,-1
Node_C5CD,AE:F7:83:9A:A9:52:C5:CD,1772801755.6574926,-51,168,0
Node_C5CD,AE:F7:83:9A:A9:52:C5:CD,1772801755.7563186,-51,168,0
Node_C5CD,AE:F7:83:9A:A9:52:C5:CD,1772801755.8562725,-51,168,0
Node_C5CD,AE:F7:83:9A:A9:52:C5:CD,1772801755.957322,-50,172,1
Node_C5CD,AE:F7:83:9A:A9:52:C5:CD,1772801756.0576138,-50,172,0
Node_C5CD,AE:F7:83:9A:A9:52:C5:CD,1772801756.15787,-50,172,0
Node_C5CD,AE:F7:83:9A:A9:52:C5:CD,1772801756.2599833,-50,172,0
Node_C5CD,AE:F7:83:9A:A9:52:C5:CD,1772801756.3599093,-50,172,0
Node_C5CD,AE:F7:83:9A:A9:52:C5:CD,1772801756.4584022,-51,168,-1
Node_C5CD,AE:F7:83:9A:A9:52:C5:CD,1772801756.5598943,-51,168,0
Node_C5CD,AE:F7:83:9A:A9:52:C5:CD,1772801756.6592941,-51,168,0
Node_C5CD,AE:F7:83:9A:A9:52:C5:CD,1772801756.7612588,-51,168,0
Node_C5CD,AE:F7:83:9A:A9:52:C5:CD,1772801756.8599043,-51,168,0
Node_C5CD,AE:F7:83:9A:A9:52:C5:CD,1772801756.960984,-51,168,0
Node_C5CD,AE:F7:83:9A:A9:52:C5:CD,1772801757.0616748,-51,168,0
Node_C5CD,AE:F7:83:9A:A9:52:C5:CD,1772801757.1623182,-51,168,0
Node_C5CD,AE:F7:83:9A:A9:52:C5:CD,1772801757.2613027,-51,168,0
Node_C5CD,AE:F7:83:9A:A9:52:C5:CD,1772801757.3620286,-51,168,0
Node_C5CD,AE:F7:83:9A:A9:52:C5:CD,1772801757.4624732,-51,168,0
Node_C5CD,AE:F7:83:9A:A9:52:C5:CD,1772801757.5622716,-51,168,0
Node_C5CD,AE:F7:83:9A:A9:52:C5:CD,1772801757.661869,-51,168,0
Node_C5CD,AE:F7:83:9A:A9:52:C5:CD,1772801757.8635073,-51,168,0
Node_C5CD,AE:F7:83:9A:A9:52:C5:CD,1772801757.9649794,-51,168,0
Node_C5CD,AE:F7:83:9A:A9:52:C5:CD,1772801758.0650094,-51,168,0
Node_C5CD,AE:F7:83:9A:A9:52:C5:CD,1772801758.1632452,-50,172,1
Node_C5CD,AE:F7:83:9A:A9:52:C5:CD,1772801758.264194,-51,168,-1
Node_C5CD,AE:F7:83:9A:A9:52:C5:CD,1772801758.364942,-51,168,0
Node_C5CD,AE:F7:83:9A:A9:52:C5:CD,1772801758.4655356,-51,168,0
Node_C5CD,AE:F7:83:9A:A9:52:C5:CD,1772801758.5645518,-51,168,0
Node_C5CD,AE:F7:83:9A:A9:52:C5:CD,1772801758.6651719,-51,168,0
Node_C5CD,AE:F7:83:9A:A9:52:C5:CD,1772801758.766077,-51,168,0
Node_C5CD,AE:F7:83:9A:A9:52:C5:CD,1772801758.8670182,-51,168,0
Node_C5CD,AE:F7:83:9A:A9:52:C5:CD,1772801758.9672635,-51,168,0
Node_C5CD,AE:F7:83:9A:A9:52:C5:CD,1772801759.0667088,-51,168,0
Node_C5CD,AE:F7:83:9A:A9:52:C5:CD,1772801759.1663504,-51,168,0
Node_C5CD,AE:F7:83:9A:A9:52:C5:CD,1772801759.2656372,-51,168,0
Node_C5CD,AE:F7:83:9A:A9:52:C5:CD,1772801759.3681002,-51,168,0
Node_C5CD,AE:F7:83:9A:A9:52:C5:CD,1772801759.4683526,-51,168,0
Node_C5CD,AE:F7:83:9A:A9:52:C5:CD,1772801759.5688095,-51,168,0
Node_C5CD,AE:F7:83:9A:A9:52:C5:CD,1772801759.669757,-51,168,0
Node_C5CD,AE:F7:83:9A:A9:52:C5:CD,1772801759.7692032,-51,168,0
Node_C5CD,AE:F7:83:9A:A9:52:C5:CD,1772801759.8691556,-51,168,0
Node_C5CD,AE:F7:83:9A:A9:52:C5:CD,1772801759.9709923,-51,168,0
Node_C5CD,AE:F7:83:9A:A9:52:C5:CD,1772801760.0712345,-51,168,0
Node_C5CD,AE:F7:83:9A:A9:52:C5:CD,1772801760.1698494,-50,172,1
Node_C5CD,AE:F7:83:9A:A9:52:C5:CD,1772801760.2713509,-50,172,0
Node_C5CD,AE:F7:83:9A:A9:52:C5:CD,1772801760.3717453,-50,172,0
Node_C5CD,AE:F7:83:9A:A9:52:C5:CD,1772801760.4713333,-51,168,-1
Node_C5CD,AE:F7:83:9A:A9:52:C5:CD,1772801760.570796,-50,172,1
Node_C5CD,AE:F7:83:9A:A9:52:C5:CD,1772801760.6730247,-50,172,0
Node_C5CD,AE:F7:83:9A:A9:52:C5:CD,1772801760.7731085,-51,168,-1
Node_C5CD,AE:F7:83:9A:A9:52:C5:CD,1772801760.8723497,-50,172,1
Node_C5CD,AE:F7:83:9A:A9:52:C5:CD,1772801760.97413,-51,168,-1
Node_C5CD,AE:F7:83:9A:A9:52:C5:CD,1772801761.0733695,-51,168,0
Node_C5CD,AE:F7:83:9A:A9:52:C5:CD,1772801761.1729906,-51,168,0
Node_C5CD,AE:F7:83:9A:A9:52:C5:CD,1772801761.2732956,-50,172,1
Node_C5CD,AE:F7:83:9A:A9:52:C5:CD,1772801761.37511,-50,172,0
Node_C5CD,AE:F7:83:9A:A9:52:C5:CD,1772801761.474632,-50,172,0
Node_C5CD,AE:F7:83:9A:A9:52:C5:CD,1772801761.5733693,-50,172,0
Node_C5CD,AE:F7:83:9A:A9:52:C5:CD,1772801761.6761782,-50,172,0
Node_C5CD,AE:F7:83:9A:A9:52:C5:CD,1772801761.7756453,-50,172,0
Node_C5CD,AE:F7:83:9A:A9:52:C5:CD,1772801761.8752537,-50,172,0
Node_C5CD,AE:F7:83:9A:A9:52:C5:CD,1772801761.9760108,-50,172,0
Node_C5CD,AE:F7:83:9A:A9:52:C5:CD,1772801762.0757291,-50,172,0
Node_C5CD,AE:F7:83:9A:A9:52:C5:CD,1772801762.1759107,-50,172,0
Node_C5CD,AE:F7:83:9A:A9:52:C5:CD,1772801762.2760947,-50,172,0
Node_C5CD,AE:F7:83:9A:A9:52:C5:CD,1772801762.3769095,-50,172,0
Node_C5CD,AE:F7:83:9A:A9:52:C5:CD,1772801762.4783514,-50,172,0
Node_C5CD,AE:F7:83:9A:A9:52:C5:CD,1772801762.5771112,-51,168,-1
Node_C5CD,AE:F7:83:9A:A9:52:C5:CD,1772801762.6781867,-51,168,0
Node_C5CD,AE:F7:83:9A:A9:52:C5:CD,1772801762.779052,-50,172,1
Node_C5CD,AE:F7:83:9A:A9:52:C5:CD,1772801762.8788936,-51,168,-1
Node_C5CD,AE:F7:83:9A:A9:52:C5:CD,1772801762.9780626,-50,172,1
Node_C5CD,AE:F7:83:9A:A9:52:C5:CD,1772801763.0793858,-51,168,-1
Node_C5CD,AE:F7:83:9A:A9:52:C5:CD,1772801763.179739,-50,172,1
Node_C5CD,AE:F7:83:9A:A9:52:C5:CD,1772801763.2803195,-51,168,-1
Node_C5CD,AE:F7:83:9A:A9:52:C5:CD,1772801763.3791423,-51,168,0
Node_C5CD,AE:F7:83:9A:A9:52:C5:CD,1772801763.4805734,-51,168,0
Node_C5CD,AE:F7:83:9A:A9:52:C5:CD,1772801763.58064,-51,168,0
Node_C5CD,AE:F7:83:9A:A9:52:C5:CD,1772801763.6815464,-51,168,0
Node_C5CD,AE:F7:83:9A:A9:52:C5:CD,1772801763.7820063,-51,168,0
Node_C5CD,AE:F7:83:9A:A9:52:C5:CD,1772801763.8822591,-51,168,0
Node_C5CD,AE:F7:83:9A:A9:52:C5:CD,1772801763.983393,-51,168,0
Node_C5CD,AE:F7:83:9A:A9:52:C5:CD,1772801764.0816941,-51,168,0
Node_C5CD,AE:F7:83:9A:A9:52:C5:CD,1772801764.1827345,-51,168,0
Node_C5CD,AE:F7:83:9A:A9:52:C5:CD,1772801764.283036,-51,168,0
Node_C5CD,AE:F7:83:9A:A9:52:C5:CD,1772801764.384493,-51,168,0
Node_C5CD,AE:F7:83:9A:A9:52:C5:CD,1772801764.4830422,-51,168,0
Node_C5CD,AE:F7:83:9A:A9:52:C5:CD,1772801764.583788,-51,168,0
Node_C5CD,AE:F7:83:9A:A9:52:C5:CD,1772801764.68369,-51,168,0
